TABLE,PARTICIPANT
11,55
54,1
39,57
36,20
58,42
49,37
43,40
41,7
50,23
17,48
51,32
31,3
5,33
33,47
56,50
6,11
3,18
37,38
24,53
38,60
44,45
20,24
23,49
55,58
22,27
21,59
30,28
47,10
52,14
40,16
48,51
32,17
57,36
13,30
26,34
45,12
59,2
9,8
4,44
28,19
7,52
2,39
42,13
19,31
60,9
53,29
15,4
8,35
1,26
14,41
27,25
16,22
46,15
10,6
12,56
25,54
29,46
18,43
34,5
35,21
